{"accuracy": 0.6850661585177155, "f1_score": 0.4382452145628745}