{"accuracy": 0.6808876968783341, "f1_score": 0.4464806984766918}