{"accuracy": 0.7077315899721601, "f1_score": 0.4808772259726017}