{"accuracy": 0.6806899526821797, "f1_score": 0.4450299907827264}