{"accuracy": 0.693270686951107, "f1_score": 0.45686243421398853}