{"accuracy": 0.6149432268586239, "f1_score": 0.3433457138241609}