{"accuracy": 0.6920421263140557, "f1_score": 0.4475142488029931}