{ "accuracy": 0.6924051931754432, "f1_score": 0.44001779738699626 }
