{"accuracy": 0.6730753615971569, "f1_score": 0.28959285437625004}