{"accuracy": 0.6452103333998597, "f1_score": 0.1907710940578709}