{"accuracy": 0.6609225013137023, "f1_score": 0.27564181065151205}