{"accuracy": 0.6687866923609227, "f1_score": 0.26907199084251004}