{"accuracy": 0.6367432015785136, "f1_score": 0.15563993190540734}