{"accuracy": 0.6368080341847803, "f1_score": 0.15592665869168335}