{"accuracy": 0.636963631903906, "f1_score": 0.15661272174961893}