{"accuracy": 0.6372715870069696, "f1_score": 0.1579581108601718}