{"accuracy": 0.6370641227509815, "f1_score": 0.1570266275583722}