{"accuracy": 0.6367367182811086, "f1_score": 0.15561127483967338}