{"accuracy": 0.7082502677403594, "f1_score": 0.4632583282767196}