{"accuracy": 0.5943135457454723, "f1_score": 0.2768800865418978}