{"accuracy": 0.7096474120262802, "f1_score": 0.46678156847950136}